Ticker,Name,Price,IV %,Trend,SMA 50,SMA 200,P/S,Fwd P/E,Avg Vol (M),Earnings
AA,ALCOA CORP COM,44.01,52.0,UP,37.25,31.61,0.89,13.8,6.86,N/A
AAL,AMERICAN AIRLS GROUP INC COM,14.34,39.5,UP,12.64,11.97,0.17,7.1,68.5,N/A
AAOI,APPLIED OPTOELECTRONICS INC COM,26.24,54.3,SIDEWAYS,28.29,22.57,4.25,35.95,5.23,N/A
AAP,ADVANCE AUTO PARTS INC COM,52.5,67.5,SIDEWAYS,53.22,48.73,0.37,19.52,1.68,N/A
AAPL,APPLE INC COM,280.7,14.5,UP,264.99,227.81,10.01,33.78,51.21,N/A
ABAT,AMERICAN BATTERY TECHNOLOGY COM NEW,4.19,110.9,SIDEWAYS,4.96,2.51,108.35,-29.93,13.35,N/A
ABBV,ABBVIE INC COM,228.71,28.7,UP,227.49,204.35,6.78,18.85,5.97,N/A
ABNB,AIRBNB INC COM CL A,120.82,30.5,DOWN,121.62,127.39,6.19,26.85,5.0,N/A
ABR,ARBOR REALTY TRUST INC COM,8.96,33.6,DOWN,10.25,11.11,3.43,5.86,3.03,N/A
ABT,ABBOTT LABS COM,125.4,21.2,DOWN,128.63,130.96,4.98,24.3,6.21,N/A
ABTC,AMERICAN BITCOIN CORP. COM CL A,2.42,187.5,SIDEWAYS,5.21,4.53,18.32,N/A,6.07,N/A
ACHR,ARCHER AVIATION INC COM CL A,8.95,60.2,SIDEWAYS,9.89,9.48,N/A,-9.04,58.85,N/A
ACI,ALBERTSONS COS INC COMMON STOCK,17.66,55.5,DOWN,17.93,20.13,0.12,7.78,7.99,N/A
ACN,ACCENTURE PLC IRELAND SHS CLASS A,269.34,36.6,SIDEWAYS,247.07,281.99,2.41,19.14,4.72,N/A
ADBE,ADOBE INC COM,328.73,25.7,DOWN,337.5,370.8,6.02,16.0,4.32,N/A
ADI,ANALOG DEVICES INC COM,277.26,34.7,UP,241.53,227.31,12.32,36.77,3.49,N/A
ADP,AUTOMATIC DATA PROCESSING INC COM,259.4,23.3,DOWN,270.26,296.06,5.03,23.86,2.05,N/A
ADSK,AUTODESK INC COM,305.85,33.9,UP,305.29,292.82,9.46,33.32,1.41,N/A
AEM,AGNICO EAGLE MINES LTD COM,171.43,46.2,UP,166.26,132.11,8.14,37.59,2.85,N/A
AEO,AMERICAN EAGLE OUTFITTERS INC COM,24.18,63.9,UP,17.32,13.37,0.78,12.46,8.58,N/A
AES,AES CORP COM,13.93,32.0,SIDEWAYS,13.99,12.37,0.82,6.86,10.0,N/A
AFL,AFLAC INC COM,109.24,40.0,SIDEWAYS,109.91,106.61,3.3,15.24,2.19,N/A
AFRM,AFFIRM HLDGS INC COM CL A,68.69,52.1,SIDEWAYS,72.05,64.52,6.55,146.15,6.28,N/A
AG,FIRST MAJESTIC SILVER CORP COM,15.02,57.4,UP,12.86,8.85,7.63,57.77,21.06,N/A
AGNC,AGNC INVT CORP COM,10.49,18.0,UP,9.96,9.64,11.77,6.06,21.68,N/A
AGQ,PROSHARES TR II ULTRA SILVER NEW,0,560.2,SIDEWAYS,85.59,56.71,N/A,N/A,3.21,N/A
AI,C3 AI INC CL A,15.32,58.2,DOWN,16.54,20.88,5.68,-45.06,7.38,N/A
AIG,AMERICAN INTL GROUP INC COM NEW,77.28,28.5,DOWN,78.42,80.88,1.58,11.52,4.42,N/A
ALAB,ASTERA LABS INC COM,152.51,65.4,SIDEWAYS,171.68,125.68,35.63,132.62,6.58,N/A
ALB,ALBEMARLE CORP COM,119.14,58.8,UP,102.4,77.41,2.83,64.75,3.79,N/A
ALGN,ALIGN TECHNOLOGY INC COM,156.84,42.3,SIDEWAYS,135.93,160.79,2.85,15.29,1.38,N/A
ALT,ALTIMMUNE INC COM NEW,5.31,95.3,SIDEWAYS,4.22,4.71,27702.9,-3.61,2.9,N/A
AMAT,APPLIED MATLS INC COM,269.44,34.0,UP,228.62,181.64,7.57,27.81,8.45,N/A
AMBA,AMBARELLA INC SHS,71.06,67.7,SIDEWAYS,83.68,67.17,8.11,-394.78,0.79,N/A
AMC,AMC ENTMT HLDGS INC CL A NEW,2.33,68.8,DOWN,2.6,2.9,0.25,-3.38,20.42,N/A
AMD,ADVANCED MICRO DEVICES INC COM,215.98,35.3,SIDEWAYS,223.39,152.08,10.98,42.35,59.14,N/A
AMDL,GRANITESHARES ETF TR GRANITE 2X LONG,0,12800.0,SIDEWAYS,18.39,10.15,N/A,N/A,25.75,N/A
AMGN,AMGEN INC COM,340.16,19.0,UP,309.05,296.34,5.09,16.46,2.61,N/A
AMZN,AMAZON COM INC COM,229.11,21.9,UP,228.16,214.75,3.54,37.25,48.59,N/A
ANET,ARISTA NETWORKS INC COM SHS,128.55,41.2,SIDEWAYS,141.06,112.33,19.16,13.21,8.91,N/A
ANF,ABERCROMBIE & FITCH CO CL A,95.66,71.2,SIDEWAYS,76.84,83.02,0.85,8.82,2.07,N/A
ANVS,ANNOVIS BIO INC COM,4.65,120.3,UP,2.63,2.27,N/A,-2.57,1.77,N/A
APA,APA CORPORATION COM,26.71,42.6,UP,23.81,20.47,1.02,9.71,7.35,N/A
APLD,APPLIED DIGITAL CORP COM NEW,31.14,78.3,UP,28.98,14.74,50.18,-91.59,31.01,N/A
APO,APOLLO GLOBAL MGMT INC COM,136.75,73.6,SIDEWAYS,127.9,135.65,2.92,16.13,3.57,N/A
APP,APPLOVIN CORP COM CL A,683.78,46.5,UP,609.49,429.75,36.67,132.52,6.89,N/A
APT,ALPHA PRO TECH LTD COM,4.61,235.9,DOWN,4.66,4.73,0.82,3.97,0.02,N/A
AR,ANTERO RESOURCES CORP COM,36.6,76.4,SIDEWAYS,33.45,35.43,2.26,17.02,4.77,N/A
ARKG,ARK Genomic Revolution ETF,0,293.0,SIDEWAYS,29.79,25.08,N/A,N/A,3.56,N/A
ARKK,ARK Innovation ETF,0,282.4,SIDEWAYS,83.89,68.1,N/A,N/A,9.88,N/A
ARM,ARM HOLDINGS PLC SPONSORED ADS,140.49,34.8,SIDEWAYS,153.4,137.92,33.79,68.2,4.79,N/A
ASAN,ASANA INC CL A,14.16,63.3,SIDEWAYS,13.57,14.85,4.34,-354.0,3.93,N/A
ASHR,DBX ETF TR XTRACK HRVST CSI,0,418.8,SIDEWAYS,32.75,29.09,N/A,N/A,7.08,N/A
ASML,ASML HOLDING N V N Y REGISTRY SHS,1110.08,29.2,UP,1023.21,809.12,13.38,41.58,1.59,N/A
ASO,ACADEMY SPORTS & OUTDOORS INC COM,49.29,82.6,UP,48.58,47.1,0.55,7.13,1.69,N/A
ASPI,ASP ISOTOPES INC COM,6.67,157.8,SIDEWAYS,8.87,7.64,87.98,-44.47,7.67,N/A
ASST,STRIVE INC CL A COM,0.9766,125.0,DOWN,1.42,3.15,144.48,N/A,88.14,N/A
ASTS,AST SPACEMOBILE INC COM CL A,72.65,84.2,UP,68.43,44.2,1440.38,-102.32,12.86,N/A
ATYR,ATYR PHARMA INC COM NEW,0.8278,312.5,DOWN,0.84,3.38,426.91,-1.05,10.83,N/A
AUR,AURORA INNOVATION INC CLASS A COM,4.57,82.8,DOWN,4.78,5.92,4422.32,-10.16,17.7,N/A
AVAV,AEROVIRONMENT INC COM,287.45,47.4,SIDEWAYS,336.61,231.43,13.22,66.54,1.08,N/A
AVGO,BROADCOM INC COM,381.03,30.3,UP,354.45,273.65,30.03,61.76,24.5,N/A
AXP,AMERICAN EXPRESS CO COM,371.15,24.1,UP,349.46,308.21,3.96,24.55,2.58,N/A
B,BARRICK MNG CORP COM SHS,40.91,56.6,UP,35.05,24.76,4.79,12.7,21.91,N/A
BA,BOEING CO COM,201.87,25.2,SIDEWAYS,205.11,201.25,1.9,429.51,8.64,N/A
BABA,ALIBABA GROUP HLDG LTD SPONSORED ADS,157.44,29.0,SIDEWAYS,167.89,136.05,0.37,15.95,18.32,N/A
BAC,BANK AMERICA CORP COM,54.16,9.2,UP,52.04,46.54,3.95,14.8,35.19,N/A
BAX,BAXTER INTL INC COM,18.48,38.3,DOWN,20.56,27.11,0.86,6.42,7.27,N/A
BB,BLACKBERRY LTD COM,4.25,182.8,SIDEWAYS,4.53,4.11,4.73,53.12,10.18,N/A
BBAI,BIGBEAR AI HLDGS INC COM,7.02,77.3,UP,6.7,5.29,21.25,-35.1,119.28,N/A
BBWI,BATH & BODY WORKS INC COM,19.01,70.3,DOWN,23.01,28.62,0.53,5.4,8.15,N/A
BBY,BEST BUY INC COM,74.06,41.1,SIDEWAYS,77.97,73.11,0.37,10.83,3.53,N/A
BE,BLOOM ENERGY CORP COM CL A,118.09,104.9,UP,106.49,48.81,15.36,319.16,15.2,N/A
BEKE,KE HLDGS INC SPONSORED ADS,16.8,53.9,DOWN,17.63,19.1,0.19,14.48,5.24,N/A
BHC,BAUSCH HEALTH COS INC COM,7.38,69.5,UP,6.43,6.25,0.27,1.67,2.27,N/A
BIDU,BAIDU INC SPON ADR REP A,118.72,36.3,SIDEWAYS,124.6,99.8,0.32,10.71,5.29,N/A
BIIB,BIOGEN INC COM,181.98,42.7,UP,156.99,138.01,2.65,10.92,1.8,N/A
BILI,BILIBILI INC SPONS ADS REP Z,25.7,46.5,SIDEWAYS,27.65,22.66,0.36,42.13,2.94,N/A
BILL,BILL HOLDINGS INC COM,52.67,58.0,UP,50.33,46.99,3.52,25.44,2.98,N/A
BITF,BITFARMS LTD COM,3.1,107.8,SIDEWAYS,3.65,1.79,6.71,155.0,99.57,N/A
BITO,PROSHARES TR BITCOIN ETF,0,650.0,SIDEWAYS,15.62,19.69,N/A,N/A,22.98,N/A
BITX,2x Bitcoin Strategy ETF,0,935.9,SIDEWAYS,44.52,49.72,N/A,N/A,9.98,N/A
BKKT,BAKKT HOLDINGS INC COM CL A NEW,15.6,81.3,SIDEWAYS,26.16,15.58,0.1,-6.58,2.74,N/A
BKNG,BOOKING HOLDINGS INC COM,5027.2,24.8,DOWN,5097.68,5199.14,6.26,23.96,0.26,N/A
BKSY,BLACKSKY TECHNOLOGY INC CL A NEW,19.25,131.6,SIDEWAYS,20.84,15.93,6.81,-12.26,2.06,N/A
BLK,BLACKROCK INC COM,1075.58,11.7,SIDEWAYS,1103.96,1036.46,7.29,21.91,0.64,N/A
BLSH,BULLISH ORD SHS,48.42,61.5,DOWN,51.78,55.39,36.7,72.09,3.4,N/A
BMNR,BITMINE IMMERSION TECNOLOGIES COM NEW,36.32,69.9,SIDEWAYS,44.47,42.42,2288.65,N/A,46.14,N/A
BMY,BRISTOL-MYERS SQUIBB CO COM,51.95,18.6,SIDEWAYS,45.85,49.12,2.2,7.39,16.04,N/A
BOIL,PROSHARES TR II ULTRA BLOOMBERG,0,649.2,SIDEWAYS,31.45,48.72,N/A,N/A,7.27,N/A
BP,BP PLC SPONSORED ADR,37.23,25.6,UP,34.85,32.56,0.51,9.88,6.52,N/A
BROS,DUTCH BROS INC CL A,60.89,44.6,SIDEWAYS,54.59,62.71,6.52,112.76,4.09,N/A
BSX,BOSTON SCIENTIFIC CORP COM,97.72,23.5,DOWN,99.23,101.51,7.49,35.03,9.56,N/A
BTBT,BIT DIGITAL INC SHS,2.38,96.9,SIDEWAYS,3.17,2.73,7.29,15.87,37.55,N/A
BTDR,BITDEER TECHNOLOGIES GROUP CL A ORD SHS,12.65,181.3,SIDEWAYS,18.0,13.76,6.04,43.62,8.21,N/A
BTG,B2GOLD CORP COM,4.56,68.8,SIDEWAYS,4.7,3.75,2.43,10.36,49.48,N/A
BTU,PEABODY ENERGY CORP COM,29.51,64.3,UP,29.01,18.4,0.91,11.01,4.74,N/A
BUD,ANHEUSER BUSCH INBEV SA/NV SPONSORED ADR,60.97,25.8,DOWN,61.34,63.56,2.03,16.3,2.11,N/A
BULL,WEBULL CORP ORD SHS,9.62,52.3,DOWN,10.91,13.29,9.38,53.44,23.07,N/A
BURL,BURLINGTON STORES INC COM,256.87,31.6,SIDEWAYS,268.75,256.04,1.44,26.7,1.04,N/A
BX,BLACKSTONE INC COM,151.39,26.1,DOWN,152.34,153.16,14.52,25.97,4.12,N/A
BYND,BEYOND MEAT INC COM,1.24,187.5,DOWN,1.59,2.68,1.94,-0.81,193.1,N/A
C,CITIGROUP INC COM NEW,107.79,21.3,UP,99.68,85.84,2.63,14.99,12.82,N/A
CAG,CONAGRA BRANDS INC COM,16.95,24.6,DOWN,17.72,21.19,0.71,6.3,10.88,N/A
CAH,CARDINAL HEALTH INC COM,199.19,26.7,UP,180.38,155.26,0.2,23.05,2.48,N/A
CAR,AVIS BUDGET GROUP COM,133.85,72.7,SIDEWAYS,144.11,129.84,0.4,11.73,0.81,N/A
CART,MAPLEBEAR INC COM,43.13,41.8,SIDEWAYS,39.33,43.07,3.13,32.19,6.29,N/A
CAT,CATERPILLAR INC COM,599.15,29.4,UP,536.98,411.16,4.34,27.05,2.86,N/A
CAVA,CAVA GROUP INC COM,54.48,54.6,DOWN,56.15,76.16,5.58,108.96,4.41,N/A
CBOE,"Cboe Global Markets, Inc.",254.92,31.1,UP,247.24,232.57,5.78,27.77,0.77,N/A
CC,CHEMOURS CO COM,12.54,75.8,SIDEWAYS,13.24,13.21,0.32,5.43,3.01,N/A
CCCX,CHURCHILL CAP CORP X SHS CL A,15.28,65.2,SIDEWAYS,17.15,13.52,N/A,N/A,4.65,N/A
CCJ,CAMECO CORP COM,94.09,53.1,UP,89.04,67.76,11.86,79.74,5.2,N/A
CCL,CARNIVAL CORP PAIRED CTF,25.82,28.5,SIDEWAYS,27.65,25.62,1.33,15.01,22.48,N/A
CDE,COEUR MNG INC COM NEW,16.1,57.4,SIDEWAYS,17.45,10.93,6.08,25.56,17.26,N/A
CDNS,CADENCE DESIGN SYSTEM INC COM,337.3,34.5,UP,329.6,310.58,17.63,49.24,1.89,N/A
CEG,CONSTELLATION ENERGY CORP COM,368.62,45.3,UP,362.05,301.26,4.64,41.19,2.64,N/A
CELH,CELSIUS HLDGS INC COM NEW,42.66,37.1,SIDEWAYS,53.07,44.89,5.17,43.53,6.4,N/A
CF,CF INDS HLDGS INC COM,80.23,28.7,DOWN,84.05,85.09,1.93,12.98,2.46,N/A
CGC,CANOPY GROWTH CORP COM NEW,1.21,50.0,DOWN,1.27,1.29,1.6,-1.57,22.56,N/A
CHPT,CHARGEPOINT HOLDINGS INC COM SHS,8.52,205.5,DOWN,10.11,12.06,0.5,-44.84,0.45,N/A
CHTR,CHARTER COMMUNICATIONS INC NEW CL A,199.98,51.0,DOWN,234.98,320.52,0.5,5.59,1.99,N/A
CHWY,CHEWY INC CL A,33.29,38.1,DOWN,35.65,37.59,1.12,55.48,7.66,N/A
CI,THE CIGNA GROUP COM,268.42,39.4,DOWN,283.69,304.03,0.27,8.57,1.93,N/A
CIEN,CIENA CORP COM NEW,195.73,75.0,UP,178.64,105.94,6.09,71.96,2.91,N/A
CIFR,CIPHER MINING INC COM,19.83,90.2,UP,17.64,8.01,37.95,40.47,51.75,N/A
CL,COLGATE PALMOLIVE CO COM,77.6,29.7,DOWN,78.27,86.47,3.12,20.1,6.42,N/A
CLF,CLEVELAND-CLIFFS INC NEW COM,12.75,53.9,UP,12.43,9.91,0.39,32.69,27.9,N/A
CLOV,CLOVER HEALTH INVESTMENTS CORP COM CL A,2.66,96.9,DOWN,2.82,3.12,0.77,-19.0,9.0,N/A
CLS,CELESTICA INC COM,322.79,52.0,UP,294.05,178.42,3.29,72.54,3.18,N/A
CLSK,CLEANSPARK INC COM NEW,15.03,81.3,SIDEWAYS,15.88,11.17,5.24,16.7,35.42,N/A
CMCSA,COMCAST CORP NEW CL A,27.2,42.6,DOWN,28.64,33.09,0.81,6.21,29.52,N/A
CME,CME GROUP INC COM,273.19,43.6,UP,271.31,269.78,15.43,26.34,1.89,N/A
CMG,CHIPOTLE MEXICAN GRILL INC COM,34.15,32.8,DOWN,36.42,45.71,3.88,26.07,23.31,N/A
CNC,CENTENE CORP DEL COM,38.85,49.8,SIDEWAYS,36.44,44.62,0.11,5.52,11.23,N/A
CNQ,CANADIAN NAT RES LTD COM,34.46,70.7,UP,32.23,30.92,1.86,13.31,7.08,N/A
COF,CAPITAL ONE FINL CORP COM,229.71,24.9,UP,215.22,202.73,5.09,14.67,3.69,N/A
COHR,COHERENT CORP COM,177.35,64.4,UP,133.12,94.79,4.61,40.68,4.13,N/A
COIN,COINBASE GLOBAL INC COM CL A,274.05,45.1,SIDEWAYS,316.78,281.84,10.03,76.76,9.91,N/A
COMM,COMMSCOPE HLDG CO INC COM,18.83,77.0,UP,16.56,10.3,0.79,23.54,4.88,N/A
CONL,GRANITESHARES ETF TR 2X LONG COIN DAI,0,1706.3,SIDEWAYS,32.15,30.64,N/A,N/A,6.35,N/A
COP,CONOCOPHILLIPS COM,93.12,32.3,SIDEWAYS,89.21,92.43,1.9,11.6,6.59,N/A
CORZ,CORE SCIENTIFIC INC NEW COM,17.08,62.1,SIDEWAYS,18.02,13.2,15.85,55.1,16.25,N/A
COST,COSTCO WHSL CORP NEW COM,895.855,17.2,DOWN,920.13,962.85,1.44,45.52,2.44,N/A
CPB,THE CAMPBELLS COMPANY COM,29.36,30.5,DOWN,30.73,33.9,0.85,8.61,5.57,N/A
CPNG,COUPANG INC CL A,27.02,30.1,SIDEWAYS,30.22,27.79,1.47,57.49,11.73,N/A
CRCL,CIRCLE INTERNET GROUP INC COM CL A,87.46,54.5,DOWN,112.7,142.27,9.23,67.31,14.1,N/A
CRDO,CREDO TECHNOLOGY GROUP HOLDING ORDINARY SHARES,180.92,57.6,UP,154.17,99.26,41.05,234.96,6.31,N/A
CRH,CRH PLC ORD,121.05,74.9,UP,116.4,102.43,2.2,19.94,3.81,N/A
CRM,SALESFORCE INC COM,247.46,34.6,SIDEWAYS,243.18,260.13,5.99,22.23,8.47,N/A
CRML,CRITICAL METALS CORP PUBCO ORD SHS,9.94,137.5,SIDEWAYS,11.5,5.19,2086.93,N/A,16.31,N/A
CROX,CROCS INC COM,88.24,50.0,SIDEWAYS,81.61,94.29,1.18,6.71,1.91,N/A
CRSP,CRISPR THERAPEUTICS AG NAMEN AKT,58.18,93.8,SIDEWAYS,61.53,50.44,144.63,-11.54,2.55,N/A
CRWD,CROWDSTRIKE HLDGS INC CL A,513.12,34.2,SIDEWAYS,513.82,449.95,28.21,120.17,2.64,N/A
CRWV,COREWEAVE INC COM CL A,85.75,69.9,SIDEWAYS,111.56,106.07,9.92,-345.04,30.2,N/A
CSCO,CISCO SYS INC COM,77.76,17.8,UP,72.24,66.22,5.33,19.94,20.45,N/A
CSIQ,CANADIAN SOLAR INC COM,24.73,76.0,UP,20.31,12.99,0.28,8.56,4.55,N/A
CSX,CSX CORP COM,36.18,23.4,UP,35.27,32.68,4.78,17.82,14.27,N/A
CTAS,CINTAS CORP COM,184.03,52.5,DOWN,189.28,206.55,7.02,39.32,2.19,N/A
CTRA,COTERRA ENERGY INC COM,27.34,27.3,SIDEWAYS,24.59,25.17,3.13,11.73,8.87,N/A
CVNA,CARVANA CO CL A,398.85,62.0,UP,345.99,306.08,4.73,169.72,3.12,N/A
CVS,CVS HEALTH CORP COM,76.75,20.4,SIDEWAYS,78.37,69.58,0.25,11.84,7.5,N/A
CVX,CHEVRON CORP NEW COM,152.26,14.9,SIDEWAYS,152.35,150.8,1.63,13.79,7.58,N/A
CZR,CAESARS ENTERTAINMENT INC NEW COM,22.94,51.6,SIDEWAYS,22.29,26.36,0.42,17.12,9.27,N/A
DAL,DELTA AIR LINES INC DEL COM NEW,67.24,37.5,UP,59.33,53.45,0.7,9.58,8.5,N/A
DASH,DOORDASH INC CL A,221.19,44.0,SIDEWAYS,239.36,223.59,7.55,124.26,4.74,N/A
DBRG,DIGITALBRIDGE GROUP INC CL A NEW,9.72,68.8,SIDEWAYS,11.22,10.52,18.89,24.3,3.27,N/A
DBX,DROPBOX INC CL A,29.78,27.7,UP,29.57,28.42,3.08,11.63,3.35,N/A
DDD,3-D SYS CORP DEL COM NEW,2.25,168.8,SIDEWAYS,2.68,2.26,0.74,-15.0,3.68,N/A
DDOG,DATADOG INC CL A COM,153.0,42.3,SIDEWAYS,162.06,131.19,16.71,75.37,4.55,N/A
DE,DEERE & CO COM,483.03,19.0,SIDEWAYS,467.44,484.29,2.86,21.79,1.43,N/A
DECK,DECKERS OUTDOOR CORP COM,96.25,32.4,SIDEWAYS,91.61,108.12,2.72,15.13,3.85,N/A
DELL,DELL TECHNOLOGIES INC CL C,138.99,42.5,SIDEWAYS,143.64,120.33,0.9,14.79,7.54,N/A
DFDV,DEFI DEVELOPMENT CORP COM,6.98,125.8,DOWN,11.45,13.37,29.12,-11.17,1.86,N/A
DG,DOLLAR GEN CORP NEW COM,125.29,51.2,UP,102.84,100.41,0.66,20.14,3.03,N/A
DHI,D R HORTON INC COM,160.73,36.1,UP,153.81,141.55,1.4,10.09,3.27,N/A
DHR,DANAHER CORPORATION COM,227.13,39.9,UP,214.41,202.81,6.7,27.1,4.2,N/A
DIA,SPDR DOW JONES INDL AVERAGE ET UT SER 1,0,0.0,SIDEWAYS,468.16,440.12,N/A,N/A,6.56,N/A
DIS,DISNEY WALT CO COM,105.47,20.5,SIDEWAYS,110.0,109.71,2.01,20.48,9.67,N/A
DJT,TRUMP MEDIA & TECHNOLOGY GROUP COM,11.79,46.9,DOWN,14.31,18.82,897.57,N/A,6.28,N/A
DKNG,DRAFTKINGS INC NEW COM CL A,35.19,38.5,SIDEWAYS,32.9,38.39,3.21,61.74,16.72,N/A
DLR,DIGITAL RLTY TR INC COM,161.02,75.2,SIDEWAYS,167.96,165.38,9.64,133.07,1.69,N/A
DLTR,DOLLAR TREE INC COM,115.87,32.8,UP,99.69,93.58,1.5,19.12,4.44,N/A
DNN,DENISON MINES CORP COM,2.84,93.8,UP,2.74,2.0,523.7,-71.0,84.71,N/A
DNUT,KRISPY KREME INC COM,4.22,137.5,SIDEWAYS,3.78,3.94,0.47,13.19,7.97,N/A
DOCN,DIGITALOCEAN HLDGS INC COM,46.25,76.8,UP,41.85,34.31,4.9,25.0,2.82,N/A
DOCU,DOCUSIGN INC COM,71.1,165.7,SIDEWAYS,70.05,77.39,4.64,19.27,2.97,N/A
DOW,DOW INC COM,22.87,38.3,SIDEWAYS,22.53,27.51,0.4,7.35,13.58,N/A
DPST,DIREXION SHS ETF TR DAILY REGIONAL,0,536.3,SIDEWAYS,89.54,88.81,N/A,N/A,0.96,N/A
DUOL,DUOLINGO INC CL A COM,188.38,53.0,DOWN,259.49,347.52,9.03,62.38,1.92,N/A
DVN,DEVON ENERGY CORP NEW COM,37.71,23.6,UP,34.35,33.64,1.45,8.46,7.84,N/A
DXCM,DEXCOM INC COM,65.25,47.9,SIDEWAYS,64.12,75.29,5.67,32.14,6.41,N/A
EA,ELECTRONIC ARTS INC COM,203.44,17.8,UP,200.04,163.98,6.98,23.85,3.33,N/A
EBAY,EBAY INC. COM,82.13,34.0,SIDEWAYS,87.5,79.69,3.5,15.73,5.42,N/A
EEM,ISHARES TR MSCI EMG MKT ETF,0,144.7,SIDEWAYS,54.32,48.68,N/A,N/A,26.76,N/A
EFA,ISHARES TR MSCI EAFE ETF,0,237.9,SIDEWAYS,94.29,88.82,N/A,N/A,15.59,N/A
EH,EHANG HLDGS LTD ADS,14.32,41.4,DOWN,16.8,17.98,2.4,62.26,1.28,N/A
EL,LAUDER ESTEE COS INC CL A,103.82,34.5,UP,92.8,79.53,2.59,38.45,3.45,N/A
ELF,E L F BEAUTY INC COM,81.62,59.3,SIDEWAYS,108.21,99.73,3.51,18.94,2.25,N/A
EMB,ISHARES TR JPMORGAN USD EMG,0,195.0,SIDEWAYS,95.33,92.66,N/A,N/A,7.26,N/A
EMR,EMERSON ELEC CO COM,136.64,43.9,UP,131.07,125.52,4.27,21.62,2.74,N/A
ENPH,ENPHASE ENERGY INC COM,30.76,50.4,DOWN,32.72,42.41,2.66,8.4,8.05,N/A
ENVX,ENOVIX CORPORATION COM,9.09,54.7,SIDEWAYS,10.27,9.51,65.36,-13.77,8.01,N/A
EOG,EOG RES INC COM,112.16,20.2,SIDEWAYS,108.19,116.23,2.7,10.14,3.87,N/A
EOSE,EOS ENERGY ENTERPRISES INC COM CL A,15.59,95.7,UP,14.48,7.65,79.62,-14.05,23.7,N/A
EPD,ENTERPRISE PRODS PARTNERS L P COM,32.61,15.4,SIDEWAYS,31.14,31.68,1.33,11.44,4.13,N/A
EQT,EQT CORP COM,60.07,37.5,UP,56.25,53.69,4.86,23.84,8.05,N/A
ET,ENERGY TRANSFER L P COM UT LTD PTN,16.8,17.2,SIDEWAYS,16.56,17.49,0.72,10.63,14.2,N/A
ETH,GRAYSCALE ETHEREUM MINI TR ETF SHS NEW,0,730.5,SIDEWAYS,34.56,28.88,N/A,N/A,6.54,N/A
ETHA,ISHARES ETHEREUM TR SHS,0,1218.8,SIDEWAYS,27.74,23.2,N/A,N/A,50.94,N/A
ETHE,GRAYSCALE ETHEREUM TRUST ETF SHS,0,590.6,SIDEWAYS,30.15,25.34,N/A,N/A,6.62,N/A
ETHU,2x Ether ETF,0,761.3,SIDEWAYS,97.56,84.92,N/A,N/A,6.99,N/A
ETN,EATON CORP PLC SHS,338.93,26.4,SIDEWAYS,364.63,335.96,4.95,28.13,2.51,N/A
ETSY,ETSY INC COM,52.19,44.9,SIDEWAYS,63.83,55.85,1.81,20.07,5.18,N/A
EWJ,ISHARES INC MSCI JPN ETF NEW,0,126.6,SIDEWAYS,82.1,75.43,N/A,N/A,6.15,N/A
EWZ,ISHARES INC MSCI BRAZIL ETF,0,300.0,SIDEWAYS,31.41,28.28,N/A,N/A,24.94,N/A
EXPE,EXPEDIA GROUP INC COM NEW,258.38,49.8,UP,232.4,193.31,2.22,17.99,2.05,N/A
F,FORD MTR CO COM,13.14,24.2,UP,12.56,11.11,0.28,7.51,92.33,N/A
FAS,DIREXION SHS ETF TR DLY FIN BULL NEW,0,238.0,SIDEWAYS,165.38,160.23,N/A,N/A,0.57,N/A
FBTC,Fidelity Wise Origin Bitcoin Fund,0,351.8,SIDEWAYS,91.74,90.19,N/A,N/A,6.03,N/A
FCEL,FUELCELL ENERGY INC COM NEW,8.06,94.5,UP,8.05,5.92,2.52,-1.36,4.1,N/A
FCX,FREEPORT-MCMORAN INC CL B,44.61,37.5,UP,40.82,40.46,2.46,20.65,19.31,N/A
FDX,FEDEX CORP COM,274.05,20.0,UP,252.0,234.68,0.73,12.05,1.87,N/A
FEZ,SPDR INDEX SHS FDS EURO STOXX 50,0,164.6,SIDEWAYS,62.55,59.08,N/A,N/A,1.35,N/A
FFAI,FARADAY FUTURE INTLGT ELEC INC COM NEW CL A,1.2,387.5,DOWN,1.29,1.54,316.46,-0.62,8.67,N/A
FHN,FIRST HORIZON CORPORATION COM,22.83,41.0,UP,21.76,20.75,3.64,14.54,11.52,N/A
FIG,FIGMA INC CLASS A COM STK,38.71,56.1,DOWN,48.47,58.23,19.8,165.98,10.05,N/A
FIS,FIDELITY NATL INFORMATION SVCS COM,65.56,27.9,DOWN,65.61,72.59,3.27,11.48,4.09,N/A
FISV,FISERV INC COM,66.06,31.7,DOWN,94.5,155.67,N/A,N/A,9.36,N/A
FLY,FIREFLY AEROSPACE INC COM,20.22,94.1,DOWN,24.35,33.32,28.95,-26.43,2.04,N/A
FSLR,FIRST SOLAR INC COM,257.28,40.8,UP,245.69,182.72,5.47,12.33,2.23,N/A
FSLY,FASTLY INC CL A,11.52,85.2,UP,9.56,7.61,2.91,576.0,3.87,N/A
FTAI,FTAI AVIATION LTD SHS,175.84,50.3,UP,167.79,134.72,7.69,35.81,1.13,N/A
FTNT,FORTINET INC COM,85.18,25.7,SIDEWAYS,83.5,93.44,9.96,35.34,5.47,N/A
FUBO,FUBOTV INC CLASS A COM SHS,2.9,56.3,SIDEWAYS,3.63,3.46,0.61,-9.06,15.36,N/A
FUTU,FUTU HLDGS LTD SPON ADS CL A,170.87,70.5,SIDEWAYS,173.62,140.05,1.25,31.35,2.18,N/A
FXI,ISHARES TR CHINA LG-CAP ETF,0,210.5,SIDEWAYS,40.12,37.52,N/A,N/A,31.96,N/A
GAP,GAP INC COM,26.51,49.2,UP,23.16,22.17,0.65,13.0,9.26,N/A
GBTC,GRAYSCALE BITCOIN TRUST ETF SHS REP COM UT,0,214.5,SIDEWAYS,82.43,81.32,N/A,N/A,4.84,N/A
GD,GENERAL DYNAMICS CORP COM,341.7,16.5,UP,340.48,300.79,1.79,21.25,1.1,N/A
GDDY,GODADDY INC CL A,130.26,43.4,DOWN,131.4,160.02,3.7,19.41,1.49,N/A
GDX,VANECK ETF TRUST GOLD MINERS ETF,0,741.8,SIDEWAYS,76.18,57.98,N/A,N/A,27.38,N/A
GDXJ,VANECK ETF TRUST JUNIOR GOLD MINE,0,677.5,SIDEWAYS,98.95,74.15,N/A,N/A,6.63,N/A
GE,GE AEROSPACE COM NEW,291.86,21.5,SIDEWAYS,300.7,252.48,7.04,55.7,4.01,N/A
GEHC,GE HEALTHCARE TECHNOLOGIES INC COMMON STOCK,82.52,52.2,UP,75.5,74.79,1.86,17.67,3.72,N/A
GEMI,GEMINI SPACE STA INC CL A COM,11.86,75.0,DOWN,17.81,19.25,8.59,-4.6,3.48,N/A
GEV,GE VERNOVA INC COM,629.11,47.0,UP,590.4,501.54,4.55,91.18,2.96,N/A
GILD,GILEAD SCIENCES INC COM,122.62,41.4,UP,120.43,112.82,5.23,16.5,7.39,N/A
GLD,SPDR GOLD TR GOLD SHS,0,198.4,SIDEWAYS,373.42,319.94,N/A,N/A,16.55,N/A
GLW,CORNING INC COM,85.45,46.5,UP,84.43,61.51,4.91,36.99,7.84,N/A
GLXY,GALAXY DIGITAL INC. CL A,27.57,94.1,SIDEWAYS,33.26,27.62,0.47,-313.3,9.35,N/A
GM,GENERAL MTRS CO COM,75.29,21.2,UP,65.96,54.42,0.38,7.12,9.14,N/A
GME,GAMESTOP CORP NEW CL A,22.95,35.9,DOWN,22.97,24.5,2.67,-2295.0,8.27,N/A
GNRC,GENERAC HLDGS INC COM,163.24,56.4,SIDEWAYS,166.05,150.61,2.2,19.88,1.15,N/A
GOOG,ALPHABET INC CAP STK CL C,318.39,21.6,UP,273.76,205.16,9.97,35.57,23.7,N/A
GOOGL,ALPHABET INC CAP STK CL A,317.62,21.6,UP,273.18,204.02,9.98,35.45,36.99,N/A
GOOS,CANADA GOOSE HLDGS INC SHS SUB VTG,13.96,125.8,UP,13.46,11.53,0.99,17.23,0.7,N/A
GPRO,GOPRO INC CL A,1.84,143.8,SIDEWAYS,1.91,1.21,0.45,10.22,8.63,N/A
GRAB,GRAB HOLDINGS LIMITED CLASS A ORD,5.3,57.8,SIDEWAYS,5.73,5.1,6.71,176.67,56.03,N/A
GRRR,GORILLA TECHNOLOGY GROUP INC SHS NEW,15.49,72.3,DOWN,16.03,19.31,3.52,49.97,1.55,N/A
GS,GOLDMAN SACHS GROUP INC COM,837.83,19.0,UP,785.31,677.68,4.42,20.16,1.98,N/A
GSK,GSK PLC SPONSORED ADR,48.57,35.9,UP,45.16,40.24,3.05,11.3,5.32,N/A
GTLB,GITLAB INC CLASS A COM,37.51,58.2,DOWN,45.29,47.1,6.97,58.61,4.69,N/A
GTM,ZOOMINFO TECHNOLOGIES INC COMMON STOCK,9.91,65.2,SIDEWAYS,10.47,10.21,2.55,8.92,4.45,N/A
HAL,HALLIBURTON CO COM,27.83,29.7,UP,25.47,23.03,1.07,8.56,12.71,N/A
HD,HOME DEPOT INC COM,351.17,25.3,DOWN,375.2,375.85,2.1,22.51,3.76,N/A
HIMS,HIMS & HERS HEALTH INC COM CL A,40.02,61.3,SIDEWAYS,46.45,46.33,4.12,87.0,27.49,N/A
HIVE,HIVE DIGITAL TECHNOLOGIES LTD COM NEW,3.32,87.5,SIDEWAYS,4.67,2.76,4.09,66.4,32.68,N/A
HL,HECLA MNG CO COM,16.82,52.0,UP,13.7,8.19,9.2,62.3,23.28,N/A
HLF,HERBALIFE LTD COM SHS,12.08,93.8,UP,9.36,8.63,0.25,6.07,1.64,N/A
HLT,HILTON WORLDWIDE HLDGS INC COM,273.45,37.2,UP,266.78,255.79,13.21,34.22,1.74,N/A
HOG,HARLEY DAVIDSON INC COM,23.73,57.4,SIDEWAYS,26.01,25.48,0.62,5.8,1.84,N/A
HON,HONEYWELL INTL INC COM,192.23,31.3,DOWN,194.89,202.45,3.19,17.46,4.66,N/A
HOOD,ROBINHOOD MKTS INC COM CL A,137.08,44.7,UP,132.98,89.72,29.32,187.78,35.5,N/A
HPE,HEWLETT PACKARD ENTERPRISE CO COM,22.9,130.5,SIDEWAYS,23.35,20.06,0.91,10.9,30.42,N/A
HPQ,HP INC COM,25.9,27.0,DOWN,26.12,26.68,0.44,7.19,11.95,N/A
HRL,HORMEL FOODS CORP COM,24.16,44.1,SIDEWAYS,23.14,27.68,1.1,14.3,4.66,N/A
HSBC,HSBC HLDGS PLC SPON ADR NEW,71.71,52.5,UP,69.4,62.5,4.25,51.59,1.69,N/A
HSY,HERSHEY CO COM,182.46,57.9,UP,181.65,175.3,3.22,21.72,1.65,N/A
HTZ,HERTZ GLOBAL HLDGS INC COM NEW,5.14,59.4,DOWN,5.65,5.81,0.19,-4.94,11.9,N/A
HUM,HUMANA INC COM,253.02,50.0,SIDEWAYS,262.53,258.74,0.24,15.02,1.91,N/A
HUT,HUT 8 CORP COM,42.81,87.9,SIDEWAYS,43.06,24.63,25.94,-535.12,7.56,N/A
HWM,HOWMET AEROSPACE INC COM,196.27,30.0,SIDEWAYS,197.91,169.6,9.91,61.91,2.08,N/A
HYG,ISHARES TR IBOXX HI YD ETF,0,31.3,SIDEWAYS,80.05,79.85,N/A,1345.83,42.41,N/A
IAU,ISHARES GOLD TR ISHARES NEW,0,335.5,SIDEWAYS,76.47,65.49,N/A,N/A,11.44,N/A
IBIT,ISHARES BITCOIN TRUST ETF SHS BEN INT,0,334.4,SIDEWAYS,59.73,58.72,N/A,N/A,62.32,N/A
IBKR,INTERACTIVE BROKERS GROUP INC COM CL A,65.95,68.0,SIDEWAYS,67.65,56.88,18.7,9.54,4.76,N/A
IBM,INTERNATIONAL BUSINESS MACHS COM,307.99,23.7,UP,294.93,267.01,4.4,29.03,5.34,N/A
ICLN,ISHARES TR GL CLEAN ENE ETF,0,602.3,SIDEWAYS,16.61,13.76,N/A,N/A,3.61,N/A
IEF,ISHARES TR 7-10 YR TRSY BD,0,34.6,SIDEWAYS,96.43,95.43,N/A,N/A,9.12,N/A
IMSR,TERRESTRIAL ENERGY INC COM SHS,10.79,91.4,SIDEWAYS,15.55,12.25,-850013.2,N/A,2.46,N/A
INO,INOVIO PHARMACEUTICALS INC COM SHS,2.02,234.4,SIDEWAYS,2.24,1.99,761.12,-0.54,1.21,N/A
INOD,INNODATA INC COM NEW,58.35,82.6,SIDEWAYS,70.32,51.19,7.8,119.08,1.99,N/A
INTC,INTEL CORP COM,40.5,41.0,UP,37.48,26.02,3.62,41.75,113.32,N/A
INTU,INTUIT COM,663.08,26.1,SIDEWAYS,660.41,675.19,9.5,29.83,1.84,N/A
IONQ,IONQ INC COM,54.76,74.4,SIDEWAYS,59.2,42.22,243.0,-62.23,30.27,N/A
IOT,SAMSARA INC COM CL A,40.71,243.8,SIDEWAYS,38.31,39.55,16.37,156.58,5.22,N/A
IOVA,IOVANCE BIOTHERAPEUTICS INC COM,2.2,512.5,DOWN,2.23,2.63,3.49,-2.68,13.86,N/A
IP,INTERNATIONAL PAPER CO COM,39.13,41.8,DOWN,41.87,47.48,0.85,13.04,4.68,N/A
IQ,IQIYI INC SPONSORED ADS,2.04,209.4,SIDEWAYS,2.25,2.09,0.07,7.85,11.99,N/A
IREN,IREN LIMITED ORDINARY SHARES,46.45,76.6,SIDEWAYS,55.06,24.06,19.47,136.62,42.25,N/A
IRM,IRON MTN INC DEL COM,85.03,43.2,SIDEWAYS,98.14,94.96,3.79,43.38,1.79,N/A
ISRG,INTUITIVE SURGICAL INC COM NEW,568.63,39.5,UP,513.2,509.06,21.21,72.34,2.33,N/A
ITB,iShares U.S. Home Construction ETF,0,142.0,SIDEWAYS,101.92,98.99,N/A,N/A,2.37,N/A
IVV,ISHARES TR CORE S&P500 ETF,0,172.5,SIDEWAYS,675.24,620.0,N/A,N/A,7.56,N/A
IWM,ISHARES TR RUSSELL 2000 ETF,0,121.1,SIDEWAYS,243.54,220.77,N/A,N/A,41.99,N/A
IYR,ISHARES TR U.S. REAL ES ETF,0,680.3,SIDEWAYS,95.79,95.19,N/A,N/A,6.73,N/A
JBLU,JETBLUE AWYS CORP COM,4.65,53.1,SIDEWAYS,4.5,4.8,0.19,-7.27,20.15,N/A
JD,JD.COM INC SPON ADS CL A,29.74,31.3,DOWN,32.32,34.32,0.03,7.18,16.14,N/A
JETS,ETF SER SOLUTIONS US GLB JETS,0,328.9,SIDEWAYS,25.07,23.57,N/A,N/A,3.35,N/A
JMIA,JUMIA TECHNOLOGIES AG SPONSORED ADS,12.2,80.9,UP,11.26,6.1,8.62,-35.88,3.27,N/A
JNJ,JOHNSON & JOHNSON COM,202.48,15.9,UP,191.97,169.84,5.29,19.1,8.75,N/A
JOBY,JOBY AVIATION INC COMMON STOCK,15.76,64.8,SIDEWAYS,15.76,11.6,634.59,-26.27,40.24,N/A
JPM,JPMORGAN CHASE & CO. COM,316.1,19.1,UP,306.63,279.03,5.2,18.88,8.34,N/A
KEY,KEYCORP COM,19.11,24.6,UP,17.73,17.1,3.53,12.25,22.57,N/A
KGC,KINROSS GOLD CORP COM,27.34,38.7,UP,25.04,17.98,5.19,31.07,13.76,N/A
KHC,KRAFT HEINZ CO COM,24.59,32.0,DOWN,24.79,27.37,1.16,8.01,15.97,N/A
KKR,KKR & CO INC COM,128.43,35.0,SIDEWAYS,121.98,126.54,5.35,21.16,4.49,N/A
KMB,KIMBERLY-CLARK CORP COM,104.94,12.2,DOWN,113.15,129.1,1.77,13.75,4.64,N/A
KMI,KINDER MORGAN INC DEL COM,27.84,16.4,SIDEWAYS,26.95,27.28,3.77,22.1,13.89,N/A
KO,COCA COLA CO COM,70.45,15.7,SIDEWAYS,68.81,69.95,6.36,23.72,16.49,N/A
KOLD,PROSHARES TR II ULSHT BLOOMB GAS,0,443.0,SIDEWAYS,31.64,28.05,N/A,N/A,5.1,N/A
KOPN,KOPIN CORP COM,2.71,368.8,SIDEWAYS,2.98,1.94,10.48,-38.71,5.22,N/A
KR,KROGER CO COM,63.14,36.9,DOWN,66.19,68.12,0.28,13.79,6.92,N/A
KRE,SPDR SERIES TRUST STATE STREET SPD,0,783.4,SIDEWAYS,61.63,59.74,N/A,N/A,17.73,N/A
KSS,KOHLS CORP COM,22.58,52.3,UP,17.22,11.99,0.16,11.29,5.54,N/A
KTOS,KRATOS DEFENSE & SEC SOLUTIONS COM NEW,77.68,74.2,SIDEWAYS,84.25,54.81,10.21,131.66,4.13,N/A
KVUE,KENVUE INC COM,16.99,30.9,SIDEWAYS,15.92,20.57,2.17,13.93,42.65,N/A
KWEB,KRANESHARES TRUST CSI CHI INTERNET,0,270.3,SIDEWAYS,39.65,36.34,N/A,N/A,22.69,N/A
LABD,DIREXION SHS ETF TR DAILY S&P BIOTEC,0,398.4,SIDEWAYS,30.61,63.88,N/A,N/A,2.19,N/A
LABU,DIREXION SHS ETF TR DAILY S&P BIOTCH,0,720.3,SIDEWAYS,123.64,78.68,N/A,N/A,0.97,N/A
LAC,LITHIUM AMERS CORP NEW COM SHS,5.44,79.7,SIDEWAYS,6.14,3.67,N/A,-18.76,44.5,N/A
LAES,SEALSQ CORP ORD SHS,5.08,87.5,SIDEWAYS,5.29,3.64,82.79,N/A,31.8,N/A
LASE,LASER PHOTONICS CORP COM,2.92,126.6,SIDEWAYS,3.69,3.17,9.46,N/A,2.96,N/A
LAZR,LUMINAR TECHNOLOGIES INC COM NEW CL A,1.03,212.5,DOWN,1.56,3.14,1.06,-2.15,7.63,N/A
LCID,LUCID GROUP INC COM NEW,14.15,55.9,DOWN,18.06,22.07,4.3,-16.08,9.73,N/A
LDI,LOANDEPOT INC COM CL A,2.76,162.5,SIDEWAYS,2.95,2.0,0.87,14.53,10.01,N/A
LEN,LENNAR CORP CL A,126.75,28.6,UP,124.16,118.59,0.9,7.85,5.86,N/A
LEVI,LEVI STRAUSS & CO NEW CL A COM STK,22.19,68.8,UP,21.63,19.23,1.33,15.85,2.81,N/A
LHX,L3HARRIS TECHNOLOGIES INC COM,280.51,39.1,SIDEWAYS,288.93,254.08,2.41,19.49,1.11,N/A
LI,LI AUTO INC SPONSORED ADS,17.59,33.2,DOWN,21.26,25.22,0.14,11.42,4.8,N/A
LITE,LUMENTUM HLDGS INC COM,327.85,65.9,UP,212.58,119.92,12.62,88.85,4.2,N/A
LLY,ELI LILLY & CO COM,1014.49,24.0,UP,904.72,810.51,15.31,44.77,3.82,N/A
LMND,LEMONADE INC COM,76.8,64.8,UP,62.13,45.06,8.72,-30.6,2.72,N/A
LMT,LOCKHEED MARTIN CORP COM,448.35,21.6,SIDEWAYS,476.8,464.0,1.43,15.95,1.33,N/A
LNG,CHENIERE ENERGY INC COM NEW,207.9,60.3,DOWN,217.98,228.07,2.41,18.38,1.74,N/A
LOW,LOWES COS INC COM,246.17,23.5,UP,239.05,235.54,1.64,19.49,2.97,N/A
LQD,ISHARES TR IBOXX INV CP ETF,0,125.0,SIDEWAYS,110.8,109.26,N/A,N/A,32.97,N/A
LQDA,LIQUIDIA CORPORATION COM NEW,33.92,136.1,UP,25.86,19.57,42.63,-21.74,2.5,N/A
LRCX,LAM RESEARCH CORP COM NEW,157.09,42.1,UP,148.66,103.62,10.11,36.79,11.55,N/A
LULU,LULULEMON ATHLETICA INC COM,183.6,44.4,SIDEWAYS,172.87,237.29,2.02,12.3,4.89,N/A
LUMN,LUMEN TECHNOLOGIES INC COM,8.78,109.4,UP,8.11,5.28,0.71,-13.72,19.95,N/A
LUNR,INTUITIVE MACHINES INC CLASS A COM,11.4,69.9,UP,10.81,10.31,6.18,-81.43,7.23,N/A
LUV,SOUTHWEST AIRLS CO COM,35.81,31.6,UP,32.64,31.72,0.68,22.52,9.04,N/A
LVS,LAS VEGAS SANDS CORP COM,66.4,33.8,UP,58.76,48.47,3.72,24.15,5.65,N/A
LYFT,LYFT INC CL A COM,22.52,51.2,UP,21.14,16.21,1.46,22.75,19.65,N/A
M,MACYS INC COM,22.32,59.4,UP,19.37,14.51,0.26,8.65,8.07,N/A
MA,MASTERCARD INCORPORATED CL A,542.31,19.2,DOWN,557.3,559.96,15.58,33.11,2.76,N/A
MAGS,Roundhill Magnificent Seven ETF,0,202.1,SIDEWAYS,65.59,56.32,N/A,N/A,3.31,N/A
MANU,MANCHESTER UTD PLC NEW ORD CL A,15.7,243.8,SIDEWAYS,16.25,15.73,4.06,-29.07,0.42,N/A
MAR,MARRIOTT INTL INC NEW CL A,296.0,34.1,UP,276.5,263.65,11.69,27.92,1.51,N/A
MARA,MARA HOLDINGS INC COM,12.44,53.9,SIDEWAYS,16.47,15.51,5.12,311.0,55.59,N/A
MBLY,MOBILEYE GLOBAL INC COMMON CLASS A,11.83,54.7,DOWN,13.25,14.71,4.97,28.85,5.18,N/A
MCD,MCDONALDS CORP COM,308.54,16.9,SIDEWAYS,302.08,305.81,8.38,24.47,3.07,N/A
MCHP,MICROCHIP TECHNOLOGY INC. COM,64.72,38.2,SIDEWAYS,59.93,60.29,8.3,24.89,7.99,N/A
MCK,MCKESSON CORP COM,814.18,21.6,UP,810.68,721.16,0.26,22.12,0.74,N/A
MDB,MONGODB INC CL A,396.73,31.3,UP,338.39,247.72,13.94,122.45,1.91,N/A
MDLZ,MONDELEZ INTL INC CL A,55.8,48.2,DOWN,59.12,64.05,1.92,16.27,8.31,N/A
MDT,MEDTRONIC PLC SHS,101.99,21.1,UP,96.43,90.64,3.76,17.43,7.21,N/A
MELI,MERCADOLIBRE INC COM,2139.56,42.9,DOWN,2163.43,2275.12,4.14,44.22,0.53,N/A
META,META PLATFORMS INC CL A,661.53,22.9,SIDEWAYS,676.88,671.78,8.8,26.15,16.98,N/A
METU,DIREXION SHS ETF TR DAILY META BULL,0,132.8,SIDEWAYS,35.69,37.9,N/A,N/A,4.07,N/A
MLCO,MELCO RESORTS AND ENTMNT LTD ADR,8.83,95.3,UP,8.61,7.46,0.68,19.2,2.42,N/A
MMM,3M CO COM,169.27,18.6,UP,162.31,152.07,3.63,21.43,2.99,N/A
MNKD,MANNKIND CORP COM NEW,5.71,202.3,UP,5.38,4.74,5.59,33.59,4.13,N/A
MO,ALTRIA GROUP INC COM,58.34,28.0,SIDEWAYS,61.51,60.53,4.86,10.9,8.52,N/A
MP,MP MATERIALS CORP COM CL A,61.8,68.3,SIDEWAYS,66.95,46.68,47.06,515.0,14.8,N/A
MPW,MEDICAL PPTYS TRUST INC COM,5.61,51.6,UP,5.21,4.94,3.34,20.78,8.53,N/A
MRK,MERCK & CO INC COM,100.89,28.0,UP,89.87,84.69,3.92,10.73,13.14,N/A
MRNA,MODERNA INC COM,25.49,53.9,DOWN,25.79,27.74,4.46,-2.93,11.25,N/A
MRVL,MARVELL TECHNOLOGY INC COM,98.19,80.4,UP,87.35,74.01,10.86,39.28,20.1,N/A
MS,MORGAN STANLEY COM NEW,174.89,18.7,UP,161.61,139.57,4.07,22.05,5.71,N/A
MSFT,MICROSOFT CORP COM,480.84,17.0,SIDEWAYS,507.49,469.13,12.16,32.16,22.22,N/A
MSOS,ADVISORSHARES TR PURE US CANNABIS,0,2487.5,SIDEWAYS,4.36,3.42,N/A,N/A,9.93,N/A
MSTR,STRATEGY INC CL A NEW,186.01,56.0,DOWN,259.62,331.23,112.54,-432.58,14.62,N/A
MSTU,T-Rex 2X Long MSTR Daily Target ETF,0,0.0,SIDEWAYS,30.08,60.66,N/A,N/A,8.33,N/A
MSTX,TIDAL TRUST II DEF DLY TGT 2X L,0,5050.0,SIDEWAYS,13.81,28.27,N/A,N/A,15.74,N/A
MSTY,TIDAL TRUST II YIELDMAX MSTR OP,0,2000.0,SIDEWAYS,9.7,18.08,N/A,N/A,10.14,N/A
MSTZ,T-Rex 2X Inverse MSTR Daily Target ETF,0,5775.0,SIDEWAYS,8.19,7.9,N/A,N/A,22.34,N/A
MT,ARCELORMITTAL SA LUXEMBOURG NY REGISTRY SH,42.63,32.3,UP,39.31,33.26,0.53,10.63,1.32,N/A
MU,MICRON TECHNOLOGY INC COM,226.65,44.4,UP,212.45,132.45,6.82,17.61,26.56,N/A
MVIS,MICROVISION INC DEL COM NEW,0.923,193.8,DOWN,1.13,1.19,106.98,-2.25,6.02,N/A
NAIL,DBX ETF TR DALY HOM B&S BUL,0,401.6,SIDEWAYS,61.86,62.77,N/A,N/A,1.38,N/A
NAK,NORTHERN DYNASTY MINERALS LTD COM NEW,2.09,118.8,UP,1.8,1.22,N/A,-104.5,14.29,N/A
NB,NIOCORP DEVS LTD COM NEW,6.92,176.6,SIDEWAYS,7.24,4.05,N/A,-69.2,8.51,N/A
NBIS,NEBIUS GROUP N.V. SHS CLASS A,102.8,62.5,SIDEWAYS,109.57,61.9,71.25,-44.99,21.8,N/A
NCLH,NORWEGIAN CRUISE LINE HLDG LTD SHS,18.8,28.9,SIDEWAYS,21.27,21.12,0.88,9.0,16.29,N/A
NEE,NEXTERA ENERGY INC COM,83.39,26.8,UP,82.55,74.06,6.6,22.66,9.86,N/A
NEM,NEWMONT CORP COM,90.72,33.3,UP,86.49,64.99,4.63,23.69,11.46,N/A
NET,CLOUDFLARE INC CL A COM,204.15,41.1,SIDEWAYS,215.68,177.73,35.52,237.38,2.73,N/A
NFE,NEW FORTRESS ENERGY INC COM CL A,1.4,275.0,DOWN,1.61,4.08,0.23,1.26,21.41,N/A
NFLX,NETFLIX INC COM,103.22,28.1,SIDEWAYS,113.57,113.44,10.08,4.34,37.99,N/A
NIO,NIO INC SPON ADS,5.01,50.0,SIDEWAYS,6.66,5.03,0.17,-5.89,69.85,N/A
NKE,NIKE INC CL B,65.69,27.2,DOWN,65.8,68.0,2.09,20.34,14.98,N/A
NLY,ANNALY CAPITAL MANAGEMENT INC COM NEW,22.77,19.9,UP,21.33,20.46,8.9,8.28,7.43,N/A
NMAX,NEWSMAX INC COM SHS CLASS B,8.36,64.1,DOWN,10.09,17.54,5.85,-104.5,0.8,N/A
NN,NEXTNAV INC COMMON STOCK,15.49,66.8,SIDEWAYS,13.39,13.65,377.05,-30.37,1.36,N/A
NNE,NANO NUCLEAR ENERGY INC COM,36.57,82.4,SIDEWAYS,40.68,33.28,N/A,-36.57,3.55,N/A
NOK,NOKIA CORP SPONSORED ADR,6.16,48.4,UP,6.02,5.17,1.73,17.6,49.17,N/A
NOW,SERVICENOW INC COM,838.87,27.6,DOWN,883.8,915.55,13.78,50.23,1.42,N/A
NRG,NRG ENERGY INC COM NEW,169.36,56.1,UP,166.89,142.69,1.1,24.54,2.21,N/A
NSC,NORFOLK SOUTHN CORP COM,295.13,19.3,UP,287.74,261.25,5.41,21.73,1.45,N/A
NTAP,NETAPP INC COM,115.99,29.3,UP,115.0,105.49,3.49,15.3,2.1,N/A
NTR,NUTRIEN LTD COM,60.05,43.8,UP,57.77,56.6,1.14,15.89,2.67,N/A
NU,NU HLDGS LTD ORD SHS CL A,17.65,45.7,UP,15.86,13.36,13.45,28.47,40.41,N/A
NUGT,DIREXION SHS ETF TR DLY GOLD INDX 2X,0,413.9,SIDEWAYS,149.77,94.77,N/A,N/A,1.32,N/A
NVAX,NOVAVAX INC COM NEW,6.86,54.7,SIDEWAYS,7.91,7.44,1.05,-42.88,4.3,N/A
NVDA,NVIDIA CORPORATION COM,183.38,28.1,SIDEWAYS,187.0,154.31,23.86,44.51,191.74,N/A
NVDL,GRANITESHARES ETF TR 2X LONG NVDA DAI,0,621.9,SIDEWAYS,92.28,68.99,N/A,N/A,13.78,N/A
NVDX,T-Rex 2X Long NVIDIA Daily Target ETF,0,1167.2,SIDEWAYS,18.76,14.18,N/A,N/A,12.43,N/A
NVO,NOVO-NORDISK A S ADR,47.99,35.6,DOWN,52.08,63.28,0.68,11.79,16.72,N/A
NVTS,NAVITAS SEMICONDUCTOR CORP COM,9.45,71.1,SIDEWAYS,9.95,6.0,38.49,-45.0,40.12,N/A
NXPI,NXP SEMICONDUCTORS N V COM,226.16,47.8,UP,211.17,210.63,4.73,17.3,2.63,N/A
OKLO,OKLO INC COM CL A,111.65,89.3,SIDEWAYS,120.94,68.67,N/A,-286.28,19.61,N/A
OKTA,OKTA INC CL A,85.9,39.4,DOWN,87.09,97.74,5.36,29.62,2.47,N/A
ON,ON SEMICONDUCTOR CORP COM,54.79,62.4,UP,49.85,48.19,3.62,12.68,8.79,N/A
ONDS,ONDAS HLDGS INC COM NEW,9.19,110.2,UP,7.77,3.55,138.34,-36.76,76.61,N/A
ONON,ON HLDG AG NAMEN AKT A,46.51,49.2,SIDEWAYS,41.37,47.17,5.34,42.28,7.08,N/A
OPAD,OFFERPAD SOLUTIONS INC COM CL A,1.98,187.5,SIDEWAYS,2.63,2.07,0.12,-1.74,4.43,N/A
OPEN,OPENDOOR TECHNOLOGIES INC COM,7.58,72.7,SIDEWAYS,7.69,3.47,1.53,-28.07,203.77,N/A
ORCL,ORACLE CORP COM,214.33,38.2,SIDEWAYS,256.0,211.5,10.35,29.93,27.38,N/A
OSCR,OSCAR HEALTH INC CL A,17.18,59.8,SIDEWAYS,18.06,16.03,0.44,30.68,17.14,N/A
OUST,OUSTER INC COM NEW,25.99,82.0,SIDEWAYS,27.73,20.21,11.36,-12.74,2.79,N/A
OWL,BLUE OWL CAPITAL INC COM CL A,16.06,56.6,SIDEWAYS,15.61,18.32,9.14,17.27,13.42,N/A
OXY,OCCIDENTAL PETE CORP COM,42.67,23.6,SIDEWAYS,42.58,43.87,1.58,13.5,10.16,N/A
PAA,PLAINS ALL AMERN PIPELINE L P UNIT LTD PARTN,17.77,36.7,SIDEWAYS,16.59,17.78,0.27,12.78,2.84,N/A
PAAS,PAN AMERN SILVER CORP COM,44.2,45.7,UP,38.45,30.59,5.73,23.76,6.57,N/A
PANW,PALO ALTO NETWORKS INC COM,195.68,20.8,SIDEWAYS,206.39,192.1,14.01,27.18,5.58,N/A
PATH,UIPATH INC CL A,18.48,77.0,UP,14.77,12.56,6.61,42.0,23.44,N/A
PBR,PETROLEO BRASILEIRO SA PETROBR SPONSORED ADR,12.88,19.5,SIDEWAYS,12.36,12.5,0.17,4.34,22.24,N/A
PCG,PG&E CORP COM,15.33,25.4,SIDEWAYS,16.04,15.74,1.36,10.36,25.3,N/A
PCT,PURECYCLE TECHNOLOGIES INC COM,9.63,126.2,SIDEWAYS,11.46,10.97,306.59,-16.05,3.32,N/A
PDD,PDD HOLDINGS INC SPONSORED ADS,116.82,24.8,SIDEWAYS,128.89,117.07,0.4,8.29,8.15,N/A
PEP,PEPSICO INC COM,146.91,10.2,UP,146.41,142.38,2.18,17.02,7.2,N/A
PFE,PFIZER INC COM,25.7,21.1,UP,24.81,24.56,2.33,8.77,68.37,N/A
PG,PROCTER AND GAMBLE CO COM,145.36,28.3,DOWN,148.93,158.81,4.01,19.59,8.15,N/A
PGR,PROGRESSIVE CORP COM,227.09,37.2,SIDEWAYS,226.56,254.73,1.56,16.46,3.43,N/A
PHM,PULTE GROUP INC COM,127.89,51.7,UP,123.48,113.71,1.43,9.47,2.1,N/A
PINS,PINTEREST INC CL A,27.23,33.6,DOWN,30.02,32.67,4.56,15.13,12.99,N/A
PL,PLANET LABS PBC COM CL A,12.94,85.9,SIDEWAYS,13.02,7.28,15.18,-117.64,12.66,N/A
PLTR,PALANTIR TECHNOLOGIES INC CL A,177.92,33.4,SIDEWAYS,179.18,141.36,108.84,378.55,54.1,N/A
PLUG,PLUG POWER INC COM NEW,2.23,118.8,SIDEWAYS,2.75,1.71,4.59,-3.91,130.99,N/A
PM,PHILIP MORRIS INTL INC COM,148.58,25.0,DOWN,154.81,164.09,5.78,20.64,6.39,N/A
PNC,PNC FINL SVCS GROUP INC COM,198.27,23.6,UP,187.56,183.74,3.57,13.21,1.91,N/A
POET,POET TECHNOLOGIES INC COM NEW,6.37,109.4,UP,6.2,5.09,1100.54,-21.23,10.49,N/A
PONY,PONY AI INC SPONSORED ADS,14.6,109.0,SIDEWAYS,17.71,14.61,71.86,-24.88,7.43,N/A
PPG,PPG INDS INC COM,100.67,25.3,SIDEWAYS,99.45,107.85,1.45,11.38,1.98,N/A
PSKY,PARAMOUNT SKYDANCE CORP COM CL B,14.82,68.4,SIDEWAYS,16.57,13.67,0.57,14.36,8.54,N/A
PSQH,PSQ HOLDINGS INC CL A,1.48,78.1,DOWN,1.84,2.08,2.49,-0.99,1.3,N/A
PSX,PHILLIPS 66 COM,139.42,43.4,UP,134.25,124.31,0.43,14.69,2.44,N/A
PTON,PELOTON INTERACTIVE INC CL A COM,6.56,50.0,SIDEWAYS,7.43,7.07,1.12,-21.16,12.08,N/A
PYPL,PAYPAL HLDGS INC COM,61.73,25.3,DOWN,66.67,69.02,1.79,12.62,16.15,N/A
QBTS,D-WAVE QUANTUM INC COM,28.73,83.4,SIDEWAYS,29.7,17.29,424.84,-110.5,53.05,N/A
QCOM,QUALCOMM INC COM,174.35,19.8,UP,169.57,157.53,4.25,14.26,9.95,N/A
QQQ,INVESCO QQQ TR UNIT SER 1,0,178.4,SIDEWAYS,610.53,546.44,N/A,N/A,58.11,N/A
QS,QUANTUMSCAPE CORP COM CL A,12.97,74.2,SIDEWAYS,14.52,8.41,N/A,-15.44,42.64,N/A
QSI,QUANTUM SI INC COM CL A,1.47,87.5,SIDEWAYS,1.74,1.53,99.71,-1.86,11.81,N/A
QUBT,QUANTUM COMPUTING INC COM,13.58,83.6,SIDEWAYS,15.63,13.35,5574.35,-43.81,38.74,N/A
QXO,QXO INC COM NEW,20.58,59.0,UP,18.38,17.72,2.98,64.31,7.87,N/A
RANI,RANI THERAPEUTICS HLDGS INC COM CL A,1.57,56.3,UP,1.44,0.98,160.45,-1.55,18.02,N/A
RBLX,ROBLOX CORP CL A,95.21,41.0,SIDEWAYS,115.49,98.41,14.97,-68.5,7.48,N/A
RBRK,RUBRIK INC. CL A,70.43,218.8,DOWN,75.61,78.37,12.85,-52.56,3.58,N/A
RCAT,RED CAT HLDGS INC COM,8.32,102.3,SIDEWAYS,10.14,8.17,133.42,-48.94,12.17,N/A
RCL,ROYAL CARIBBEAN GROUP COM,259.27,33.1,SIDEWAYS,287.06,277.12,4.05,18.14,2.14,N/A
RDDT,REDDIT INC CL A,222.75,53.6,UP,205.16,165.88,22.16,332.46,5.55,N/A
RDW,REDWIRE CORPORATION COM,6.14,195.3,DOWN,7.47,11.26,3.42,-25.58,7.03,N/A
REGN,REGENERON PHARMACEUTICALS COM,722.8,33.0,UP,642.43,598.69,5.38,15.95,1.1,N/A
REPL,REPLIMUNE GROUP INC COM,10.53,83.6,SIDEWAYS,7.63,8.25,N/A,-3.91,5.15,N/A
RGTI,RIGETTI COMPUTING INC COMMON STOCK,30.06,90.2,SIDEWAYS,35.27,18.27,1323.8,-91.09,81.87,N/A
RH,RH COM,159.94,59.9,DOWN,173.82,205.61,0.9,12.96,1.06,N/A
RIG,TRANSOCEAN LTD REGISTERED SHS,4.43,43.8,UP,3.74,3.06,1.26,31.64,48.31,N/A
RILY,B. RILEY FINANCIAL INC COM,4.21,125.0,SIDEWAYS,5.21,4.53,0.23,N/A,0.69,N/A
RIOT,RIOT PLATFORMS INC COM,15.59,70.3,SIDEWAYS,18.28,12.43,9.1,-45.85,30.1,N/A
RIVN,RIVIAN AUTOMOTIVE INC COM CL A,18.06,50.4,UP,14.59,13.45,3.79,-6.59,48.35,N/A
RKLB,ROCKET LAB CORP COM,49.37,67.4,SIDEWAYS,54.23,37.34,47.56,-214.65,21.49,N/A
RKT,ROCKET COS INC COM CL A,19.39,47.3,UP,17.6,15.52,8.95,29.38,40.8,N/A
RNG,RINGCENTRAL INC CL A,29.27,46.5,UP,28.14,27.63,1.07,6.92,1.48,N/A
ROKU,ROKU INC COM CL A,94.54,43.8,SIDEWAYS,98.92,84.8,3.07,-150.06,3.19,N/A
ROST,ROSS STORES INC COM,177.09,23.8,UP,160.48,144.0,2.63,26.47,2.52,N/A
RR,RICHTECH ROBOTICS INC CL B,4.59,120.3,SIDEWAYS,4.65,2.83,220.64,N/A,40.71,N/A
RSP,INVESCO EXCHANGE TRADED FD TR S&P500 EQL WGT,0,79.5,SIDEWAYS,188.66,181.09,N/A,N/A,17.28,N/A
RTX,RTX CORPORATION COM,171.31,22.0,UP,170.1,148.41,2.67,28.04,4.66,N/A
RUM,RUMBLE INC COM CL A,7.72,87.5,SIDEWAYS,6.89,8.04,25.22,-24.9,3.68,N/A
RUN,SUNRUN INC COM,18.35,64.5,SIDEWAYS,19.25,12.11,1.84,-24.47,9.32,N/A
RXRX,RECURSION PHARMACEUTICALS INC CL A,4.92,75.0,DOWN,5.13,5.39,58.7,-2.84,43.2,N/A
RZLV,REZOLVE AI PLC ORD SHS,2.93,59.4,SIDEWAYS,4.32,3.08,178.34,N/A,20.66,N/A
S,SENTINELONE INC CL A,16.97,182.4,DOWN,17.04,18.12,6.27,84.85,5.5,N/A
SAP,SAP SE SPON ADR,245.47,39.5,DOWN,259.17,276.89,7.85,36.37,1.67,N/A
SATS,ECHOSTAR CORP CL A,74.5,95.4,UP,73.18,41.77,1.41,-27.09,4.18,N/A
SAVA,CASSAVA SCIENCES INC COM,3.32,78.1,SIDEWAYS,3.39,2.42,N/A,-1.88,2.76,N/A
SBET,SHARPLINK GAMING INC COM NEW,11.16,62.5,DOWN,13.4,14.09,167.49,12.61,14.72,N/A
SBUX,STARBUCKS CORP COM,85.0,25.9,SIDEWAYS,83.64,89.57,2.6,22.85,9.82,N/A
SCHD,SCHWAB STRATEGIC TR US DIVIDEND EQ,0,258.6,SIDEWAYS,27.04,26.97,N/A,N/A,17.71,N/A
SCHW,SCHWAB CHARLES CORP COM,95.03,20.5,UP,93.62,88.68,7.53,25.01,9.2,N/A
SE,SEA LTD SPONSORD ADS,135.41,41.5,SIDEWAYS,158.89,153.93,3.81,64.18,4.48,N/A
SEDG,SOLAREDGE TECHNOLOGIES INC COM,31.94,67.2,SIDEWAYS,36.92,25.43,1.83,-13.04,4.14,N/A
SERV,SERVE ROBOTICS INC COM,13.0,91.4,UP,12.28,10.2,497.97,-20.97,10.49,N/A
SFIX,STITCH FIX INC COM CL A,4.69,443.8,SIDEWAYS,4.3,4.3,0.5,-10.2,2.76,N/A
SG,SWEETGREEN INC COM CL A,6.9,70.3,DOWN,6.97,13.6,1.19,-16.05,6.35,N/A
SHAK,SHAKE SHACK INC CL A,80.12,79.9,DOWN,90.85,105.05,2.49,70.9,1.28,N/A
SHEL,SHELL PLC SPON ADS,74.5,74.7,UP,73.48,70.58,0.79,9.48,4.25,N/A
SHOP,SHOPIFY INC CL A SUB VTG SHS,162.31,34.7,UP,157.74,125.26,19.76,87.74,8.54,N/A
SIG,SIGNET JEWELERS LIMITED SHS,85.02,70.9,SIDEWAYS,98.43,77.95,0.51,7.41,0.79,N/A
SILJ,AMPLIFY ETF TR AMPLIFY JUNIOR S,0,907.0,SIDEWAYS,23.39,16.59,N/A,N/A,7.59,N/A
SIRI,SIRIUSXM HOLDINGS INC COMMON STOCK,21.585,36.9,SIDEWAYS,21.54,22.37,0.85,7.03,3.54,N/A
SKYT,SKYWATER TECHNOLOGY INC COM,18.48,79.7,UP,17.24,11.29,2.59,-264.0,2.13,N/A
SLB,SLB LIMITED COM STK,38.12,33.6,SIDEWAYS,35.07,35.79,1.62,10.39,16.49,N/A
SLV,ISHARES SILVER TR ISHARES,0,487.5,SIDEWAYS,45.63,35.62,N/A,N/A,36.0,N/A
SMCI,SUPER MICRO COMPUTER INC COM NEW,34.23,47.3,SIDEWAYS,44.99,43.49,0.97,8.07,29.43,N/A
SMH,VANECK ETF TRUST SEMICONDUCTR ETF,0,359.9,SIDEWAYS,345.17,277.78,N/A,N/A,8.48,N/A
SMMT,SUMMIT THERAPEUTICS INC COM,18.81,101.2,DOWN,19.35,22.02,N/A,-49.5,3.9,N/A
SMR,NUSCALE PWR CORP CL A COM,22.85,81.6,SIDEWAYS,33.36,30.5,101.15,-48.62,22.75,N/A
SNAP,SNAP INC CL A,7.76,47.7,DOWN,7.99,8.4,2.31,18.93,89.57,N/A
SNDK,SANDISK CORP COM,213.31,90.5,UP,181.97,80.23,4.02,10.55,10.86,N/A
SNOW,SNOWFLAKE INC COM SHS,234.77,41.3,SIDEWAYS,250.58,205.34,19.33,252.44,4.37,N/A
SNPS,SYNOPSYS INC COM,463.74,50.2,SIDEWAYS,439.01,488.56,13.73,31.19,3.14,N/A
SNV,SYNOVUS FINL CORP COM NEW,50.18,47.8,SIDEWAYS,46.71,48.11,3.04,10.86,1.34,N/A
SO,SOUTHERN CO COM,87.33,20.0,SIDEWAYS,92.81,91.73,3.33,20.22,5.64,N/A
SOC,SABLE OFFSHORE CORP COM SHS,5.1,114.1,DOWN,11.02,21.55,N/A,2.22,6.74,N/A
SOFI,SOFI TECHNOLOGIES INC COM,29.6,49.0,UP,28.2,19.93,10.85,102.07,72.26,N/A
SONY,SONY GROUP CORP SPONSORED ADR,28.29,47.3,SIDEWAYS,28.81,26.41,0.01,23.77,4.05,N/A
SOUN,SOUNDHOUND AI INC CLASS A COM,12.8,69.1,SIDEWAYS,15.65,12.09,36.23,-64.0,50.67,N/A
SOXL,DIREXION SHS ETF TR DLY SCOND 3XBU,0,785.9,SIDEWAYS,40.45,26.2,N/A,N/A,89.42,N/A
SOXS,DIREXION SHS ETF TR DAILY SEMICONDUC,0,1750.0,SIDEWAYS,4.0,11.81,N/A,N/A,267.18,N/A
SOXX,ISHARES TR ISHARES SEMICDTR,0,240.7,SIDEWAYS,289.62,237.07,N/A,N/A,7.87,N/A
SPCE,VIRGIN GALACTIC HOLDINGS INC COM NEW,4.49,56.3,UP,3.86,3.42,170.84,-0.47,4.01,N/A
SPGI,S&P GLOBAL INC COM,496.99,34.4,SIDEWAYS,487.84,509.89,10.11,29.57,1.64,N/A
SPOT,SPOTIFY TECHNOLOGY S A SHS,560.97,33.2,DOWN,647.9,651.66,6.84,62.96,1.69,N/A
SPXL,DIREXION SHS ETF TR DRX S&P500BULL,0,458.6,SIDEWAYS,214.71,175.62,N/A,N/A,3.52,N/A
SPXS,DIREXION SHS ETF TR DAILY S&P 500 B,0,237.9,SIDEWAYS,37.18,50.84,N/A,N/A,6.09,N/A
SPXU,PROSHARES TR ULTRAPRO SHORT S,0,0.0,SIDEWAYS,52.9,72.76,N/A,N/A,8.5,N/A
SPY,SPDR S&P 500 ETF TR TR UNIT,0,0.0,SIDEWAYS,671.94,617.13,N/A,N/A,79.62,N/A
SQQQ,PROSHARES TR ULTRAPRO SHORT,0,0.0,SIDEWAYS,72.09,113.83,N/A,N/A,30.74,N/A
SRPT,SAREPTA THERAPEUTICS INC COM,22.82,52.9,SIDEWAYS,20.65,37.1,0.99,1.99,5.6,N/A
SSO,PROSHARES TR PSHS ULT S&P 500,0,463.3,SIDEWAYS,56.7,48.95,N/A,73.94,5.22,N/A
STLA,STELLANTIS N.V SHS,11.84,62.5,UP,10.37,10.29,0.23,3.97,16.87,N/A
STX,SEAGATE TECHNOLOGY HLDNGS PLC ORD SHS,265.63,49.5,UP,247.12,156.01,6.05,27.38,4.52,N/A
STZ,CONSTELLATION BRANDS INC CL A,138.03,41.4,SIDEWAYS,134.84,163.01,2.5,9.1,2.69,N/A
SU,SUNCOR ENERGY INC NEW COM,44.77,22.7,UP,41.8,38.86,1.1,14.17,4.0,N/A
SVIX,-1x Short VIX Futures ETF,0,571.9,SIDEWAYS,19.83,17.9,N/A,N/A,3.94,N/A
SYM,SYMBOTIC INC CLASS A COM,60.48,94.1,SIDEWAYS,67.21,42.99,15.96,168.0,2.43,N/A
T,AT&T INC COM,25.39,17.0,DOWN,25.77,27.29,1.46,11.33,48.23,N/A
TAN,INVESCO EXCH TRADED FD TR II SOLAR ETF,0,330.5,SIDEWAYS,47.52,38.04,N/A,N/A,0.88,N/A
TDOC,TELADOC HEALTH INC COM,7.78,53.9,SIDEWAYS,8.03,7.92,0.55,-8.74,7.57,N/A
TEAM,ATLASSIAN CORPORATION CL A,156.54,43.0,SIDEWAYS,155.63,193.27,7.55,38.09,2.81,N/A
TECK,TECK RESOURCES LTD CL B,44.88,34.5,UP,42.5,38.27,2.1,24.66,5.2,N/A
TEM,TEMPUS AI INC CL A,76.33,59.1,SIDEWAYS,82.12,66.63,12.29,-109.04,7.23,N/A
TER,TERADYNE INC COM,198.63,50.9,UP,159.45,110.22,11.05,46.74,3.75,N/A
TEVA,TEVA PHARMACEUTICAL INDS LTD SPONSORED ADS,28.41,26.4,UP,22.12,17.97,1.94,10.26,11.27,N/A
TGT,TARGET CORP COM,91.59,27.1,SIDEWAYS,89.52,98.08,0.4,8.71,7.96,N/A
TIGR,UP FINTECH HLDG LTD SPONSORED ADS,9.01,50.8,SIDEWAYS,9.78,9.37,3.8,21.45,4.63,N/A
TJX,TJX COS INC NEW COM,150.3,24.9,UP,144.52,131.76,2.84,32.67,5.14,N/A
TLN,TALEN ENERGY CORP COM,367.93,50.2,SIDEWAYS,398.23,308.18,7.17,52.64,0.84,N/A
TLRY,TILRAY BRANDS INC COM,7.22,0.0,SIDEWAYS,13.19,8.46,1.01,-103.14,6.96,N/A
TLT,ISHARES TR 20 YR TR BD ETF,0,168.8,SIDEWAYS,89.48,88.4,N/A,-4429.0,33.73,N/A
TMC,TMC THE METALS COMPANY INC COM,7.8,135.2,UP,6.96,4.95,N/A,-78.0,9.71,N/A
TMF,DIREXION SHS ETF TR DAILY 20+ YEAR T,0,439.1,SIDEWAYS,41.23,39.88,N/A,N/A,5.75,N/A
TMO,THERMO FISHER SCIENTIFIC INC COM,575.24,29.9,UP,554.63,480.61,4.94,24.49,2.05,N/A
TMQ,TRILOGY METALS INC NEW COM,4.7,134.4,UP,4.55,2.3,N/A,-67.14,13.95,N/A
TMUS,T-MOBILE US INC COM,208.01,31.0,DOWN,217.55,240.09,2.73,19.49,4.78,N/A
TNA,DIREXION SHS ETF TR DLY SMCAP BULL3X,0,1485.2,SIDEWAYS,45.27,36.38,N/A,N/A,13.43,N/A
TOST,TOAST INC CL A,35.2,55.5,DOWN,36.2,39.39,3.53,100.57,8.56,N/A
TPR,TAPESTRY INC COM,115.06,90.4,UP,110.27,92.94,3.3,24.17,3.09,N/A
TQQQ,PROSHARES TR ULTRAPRO QQQ,0,868.4,SIDEWAYS,53.41,41.4,N/A,N/A,118.08,N/A
TRIP,TRIPADVISOR INC COM,15.04,294.9,SIDEWAYS,15.56,15.32,0.93,11.06,2.52,N/A
TSCO,TRACTOR SUPPLY CO COM,54.38,34.8,DOWN,54.54,54.88,1.87,4.89,5.12,N/A
TSLA,TESLA INC COM,454.53,31.5,UP,434.58,341.62,15.81,140.29,89.53,N/A
TSLL,DIREXION SHS ETF TR DAILY TSLA 2X SH,0,1881.3,SIDEWAYS,19.56,13.98,N/A,N/A,135.63,N/A
TSLQ,INVESTMENT MANAGERS SER TR II TRADR 2X SHORT,0,414.1,SIDEWAYS,23.83,64.95,N/A,N/A,19.81,N/A
TSM,TAIWAN SEMICONDUCTOR MFG LTD SPONSORED ADS,292.93,25.2,UP,291.05,227.49,0.42,36.25,13.16,N/A
TSSI,TSS INC DEL COM,9.46,123.4,DOWN,15.22,15.32,1.16,N/A,2.4,N/A
TTD,THE TRADE DESK INC COM CL A,39.35,38.7,DOWN,46.95,59.84,6.89,20.39,14.75,N/A
TTWO,TAKE-TWO INTERACTIVE SOFTWARE COM,247.51,46.5,SIDEWAYS,250.06,232.15,7.35,31.57,1.65,N/A
TWLO,TWILIO INC CL A,125.22,39.2,UP,117.27,111.26,3.92,29.67,2.46,N/A
TXN,TEXAS INSTRS INC COM,180.12,28.2,SIDEWAYS,169.02,182.66,9.48,30.63,7.98,N/A
TXRH,TEXAS ROADHOUSE INC COM,167.13,56.3,DOWN,168.34,175.48,1.9,23.37,1.12,N/A
TZA,DIREXION SHS ETF TR DAILY SM CP BEAR,0,862.5,SIDEWAYS,7.99,11.95,N/A,N/A,51.71,N/A
U,UNITY SOFTWARE INC COM,44.15,50.1,UP,38.93,30.72,10.47,-42.45,10.29,N/A
UAL,UNITED AIRLS HLDGS INC COM,104.73,37.5,UP,97.42,87.53,0.58,8.66,6.17,N/A
UAMY,UNITED STATES ANTIMONY CORP COM,6.12,145.3,SIDEWAYS,8.54,4.44,26.9,10.93,14.91,N/A
UBER,UBER TECHNOLOGIES INC COM,90.99,25.9,SIDEWAYS,93.16,87.14,3.82,38.56,18.02,N/A
UCO,PROSHARES TR II ULTA BLMBG 2017,0,192.2,SIDEWAYS,21.08,22.74,N/A,N/A,2.29,N/A
UEC,URANIUM ENERGY CORP COM,14.18,53.9,UP,13.35,8.71,102.52,61.65,15.16,N/A
ULTA,ULTA BEAUTY INC COM,533.95,118.0,UP,531.51,462.96,2.06,23.35,0.55,N/A
ULTY,TIDAL TRUST II YIELDMAX ULTRA O,0,0.0,SIDEWAYS,43.94,58.43,N/A,N/A,3.38,N/A
UMAC,UNUSUAL MACHS INC COM SHS,10.94,85.9,SIDEWAYS,12.18,9.1,48.58,-39.07,3.66,N/A
UNG,UNITED STS NAT GAS FD LP UNIT PAR,0,687.5,SIDEWAYS,13.54,15.83,N/A,N/A,11.49,N/A
UNH,UNITEDHEALTH GROUP INC COM,333.49,26.7,DOWN,342.41,363.66,0.69,11.15,9.93,N/A
UNP,UNION PAC CORP COM,237.29,15.0,SIDEWAYS,226.33,226.54,5.73,19.59,3.79,N/A
UPRO,PROSHARES TR ULTRPRO S&P500,0,592.0,SIDEWAYS,112.96,92.47,N/A,N/A,5.31,N/A
UPS,UNITED PARCEL SERVICE INC CL B,94.76,25.1,SIDEWAYS,89.4,96.82,0.9,10.76,7.69,N/A
UPST,UPSTART HLDGS INC COM,47.13,52.7,SIDEWAYS,46.32,56.26,4.6,124.03,7.14,N/A
UPXI,UPEXI INC COM NEW,2.85,96.9,DOWN,4.52,6.03,8.7,-0.42,5.21,N/A
URA,GLOBAL X FDS GLOBAL X URANIUM,0,676.6,SIDEWAYS,49.32,36.88,N/A,N/A,5.87,N/A
URBN,URBAN OUTFITTERS INC COM,75.72,64.1,UP,67.93,65.01,1.13,19.67,2.11,N/A
URI,UNITED RENTALS INC COM,807.74,31.8,SIDEWAYS,893.13,784.87,3.25,17.24,0.56,N/A
USAR,USA RARE EARTH INC COM,17.48,142.2,SIDEWAYS,20.42,14.12,N/A,-39.13,13.84,N/A
USB,US BANCORP DEL COM NEW,51.37,21.3,UP,47.54,45.2,3.07,11.86,9.16,N/A
USO,UNITED STS OIL FD LP UNITS,0,111.7,SIDEWAYS,71.39,72.36,N/A,N/A,5.22,N/A
UUUU,ENERGY FUELS INC COM NEW,16.32,84.4,SIDEWAYS,17.71,9.52,49.18,272.0,22.34,N/A
UVIX,2x Long VIX Futures ETF,0,1375.0,SIDEWAYS,10.12,24.09,N/A,N/A,28.94,N/A
UVXY,ProShares Ultra VIX Short-Term Futures ETF,0,0.0,SIDEWAYS,53.82,91.56,N/A,N/A,7.16,N/A
UWMC,UWM HOLDINGS CORPORATION COM CL A,5.8,71.9,UP,5.57,5.16,3.54,12.61,9.42,N/A
V,VISA INC COM CL A,327.1,15.6,DOWN,338.51,345.18,15.87,25.84,6.17,N/A
VALE,VALE S A SPONSORED ADS,13.56,32.0,UP,11.75,10.27,0.27,6.61,32.47,N/A
VERU,VERU INC COM NEW,2.42,575.0,DOWN,3.25,4.6,2.3,-8.34,0.16,N/A
VFC,V F CORP COM,18.57,46.5,UP,15.18,14.44,0.76,20.18,7.15,N/A
VG,VENTURE GLOBAL INC COM CL A,7.02,67.2,DOWN,9.47,11.95,1.58,8.01,9.82,N/A
VKTX,VIKING THERAPEUTICS INC COM,38.57,114.3,UP,34.32,29.74,N/A,-25.54,4.59,N/A
VLO,VALERO ENERGY CORP COM,174.95,31.4,UP,169.71,143.61,0.47,18.13,2.69,N/A
VOD,VODAFONE GROUP PLC NEW SPONSORED ADR,12.64,101.2,UP,11.58,10.63,0.78,14.87,5.32,N/A
VOO,VANGUARD INDEX FDS S&P 500 ETF SHS,0,488.7,SIDEWAYS,617.78,567.45,N/A,N/A,8.07,N/A
VRT,VERTIV HOLDINGS CO COM CL A,182.54,64.2,UP,173.23,125.14,7.2,53.06,7.63,N/A
VRTX,VERTEX PHARMACEUTICALS INC COM,457.36,45.7,SIDEWAYS,419.74,443.02,10.0,24.37,1.5,N/A
VST,VISTRA CORP COM,176.07,53.7,SIDEWAYS,189.78,170.62,3.47,25.52,4.62,N/A
VXX,iPath Series B S&P 500 VIX Short-Term Futures ETN,0,324.2,SIDEWAYS,34.21,45.72,N/A,N/A,9.33,N/A
VZ,VERIZON COMMUNICATIONS INC COM,41.26,13.3,SIDEWAYS,40.65,42.75,1.27,8.72,26.28,N/A
W,WAYFAIR INC CL A,94.51,56.1,UP,94.37,61.63,1.01,115.26,3.7,N/A
WBD,WARNER BROS DISCOVERY INC COM SER A,24.54,42.8,UP,21.16,13.59,1.61,-188.77,50.02,N/A
WDAY,WORKDAY INC CL A,216.62,26.6,DOWN,231.59,237.92,6.27,26.1,2.98,N/A
WDC,WESTERN DIGITAL CORP COM,161.0,51.2,UP,139.77,79.35,5.45,18.27,9.71,N/A
WEN,WENDYS CO COM,8.54,51.6,DOWN,8.64,11.25,0.74,8.21,7.24,N/A
WFC,WELLS FARGO CO NEW COM,90.21,19.8,UP,84.24,77.93,3.65,16.43,14.89,N/A
WGS,GENEDX HOLDINGS CORP COM CL A,161.95,60.4,UP,133.07,103.46,11.64,330.51,0.53,N/A
WMB,WILLIAMS COS INC COM,63.66,23.8,UP,60.9,59.08,6.71,30.46,7.17,N/A
WMT,WALMART INC COM,114.84,16.1,UP,104.7,98.09,1.3,42.22,17.11,N/A
WOOF,PETCO HEALTH & WELLNESS CO INC COM,3.06,73.4,SIDEWAYS,3.36,3.17,0.14,51.0,2.78,N/A
WPM,WHEATON PRECIOUS METALS CORP COM,108.8,38.8,UP,103.92,91.09,27.02,61.47,2.25,N/A
WRBY,WARBY PARKER INC CL A COM,18.42,62.1,DOWN,20.99,21.52,2.65,57.56,2.28,N/A
WULF,TERAWULF INC COM,15.1,61.3,UP,13.35,7.04,37.72,151.0,42.85,N/A
WWR,WESTWATER RES INC COM NEW,1.03,112.5,SIDEWAYS,1.35,0.81,N/A,-2.1,7.26,N/A
WYNN,WYNN RESORTS LTD COM,125.72,62.6,UP,123.55,103.63,1.84,25.04,1.69,N/A
XBI,SPDR SERIES TRUST STATE STREET SPD,0,278.7,SIDEWAYS,110.33,91.22,N/A,N/A,10.78,N/A
XHB,SPDR SERIES TRUST STATE STREET SPD,0,73.8,SIDEWAYS,106.7,102.97,N/A,N/A,2.24,N/A
XLB,SELECT SECTOR SPDR TR STATE STREET MAT,0,190.3,SIDEWAYS,87.79,87.56,N/A,N/A,6.81,N/A
XLC,SELECT SECTOR SPDR TR STATE STREET COM,0,306.3,SIDEWAYS,114.64,106.22,N/A,N/A,5.7,N/A
XLE,SELECT SECTOR SPDR TR STATE STREET ENE,0,570.9,SIDEWAYS,88.92,86.89,N/A,N/A,15.31,N/A
XLF,SELECT SECTOR SPDR TR STATE STREET FIN,0,416.4,SIDEWAYS,52.81,51.39,N/A,N/A,41.0,N/A
XLI,SELECT SECTOR SPDR TR STATE STREET IND,0,681.3,SIDEWAYS,153.03,144.52,N/A,N/A,11.38,N/A
XLK,SELECT SECTOR SPDR TR STATE STREET TEC,0,349.8,SIDEWAYS,287.6,250.13,N/A,N/A,10.07,N/A
XLP,SELECT SECTOR SPDR TR STATE STREET CON,0,300.2,SIDEWAYS,77.89,80.29,N/A,N/A,14.49,N/A
XLU,SELECT SECTOR SPDR TR STATE STREET UTI,0,103.9,SIDEWAYS,89.44,83.34,N/A,N/A,10.77,N/A
XLV,SELECT SECTOR SPDR TR STATE STREET HEA,0,332.8,SIDEWAYS,147.08,139.74,N/A,N/A,13.2,N/A
XLY,SELECT SECTOR SPDR TR STATE STREET CON,0,246.9,SIDEWAYS,235.69,219.41,N/A,N/A,6.32,N/A
XOM,EXXON MOBIL CORP COM,117.14,16.1,UP,114.35,110.85,1.53,14.88,14.62,N/A
XOP,SPDR SERIES TRUST STATE STREET SPD,0,140.6,SIDEWAYS,130.17,126.43,N/A,-13648.0,3.29,N/A
XP,XP INC CL A,19.85,71.5,UP,17.96,17.24,0.6,11.89,7.1,N/A
XPEV,XPENG INC ADS,19.5,52.0,SIDEWAYS,22.54,20.69,0.27,-43.33,11.27,N/A
XRT,SPDR SERIES TRUST STATE STREET SPD,0,387.5,SIDEWAYS,83.1,78.13,N/A,N/A,5.18,N/A
XYZ,BLOCK INC CL A,62.19,37.1,SIDEWAYS,71.07,66.92,1.58,18.94,7.19,N/A
YINN,DIREXION SHS ETF TR DL FTSE BULL 3X,0,284.4,SIDEWAYS,49.21,43.44,N/A,N/A,2.36,N/A
ZETA,ZETA GLOBAL HOLDINGS CORP CL A,18.55,50.0,SIDEWAYS,18.71,16.4,3.72,25.07,7.62,N/A
ZIM,ZIM INTEGRATED SHIPPING SERV SHS,20.4,59.4,SIDEWAYS,15.3,15.92,0.32,75.56,4.85,N/A
ZM,ZOOM COMMUNICATIONS INC CL A,86.58,34.1,UP,82.7,78.55,5.39,16.37,2.96,N/A
ZS,ZSCALER INC COM,241.85,34.1,SIDEWAYS,300.7,265.76,13.61,67.94,1.64,N/A
